cart_value,num_items,device,time_on_site,prev_purchase,country,payment_method,discount_applied,user_type,cart_abandon_yn
267.87,5,mobile,,Y,JP,card,N,guest,1
293.92,5,tablet,8.54,Y,CN,card,N,registered,0
33.67,9,mobile,7.16,Y,US,paypal,N,guest,0
102.33,8,tablet,4.13,N,CN,card,Y,guest,0
348.93,6,mobile,7.59,N,Others,card,N,guest,0
420.27,1,desktop,13.26,N,KR,bank_transfer,N,guest,0
167.34,3,desktop,7.99,Y,US,card,N,registered,1
448.93,1,desktop,6.32,Y,US,bank_transfer,N,guest,0
366.34,3,tablet,8.11,N,JP,paypal,N,guest,0
111.17,4,tablet,10.14,N,Others,paypal,Y,registered,0
286.03,1,tablet,6.62,N,US,card,N,registered,0
189.02,1,desktop,11.4,N,KR,paypal,N,registered,1
107.31,4,desktop,9.34,N,US,bank_transfer,Y,guest,0
397.09,5,desktop,8.75,N,KR,bank_transfer,N,guest,0
483.43,5,mobile,6.66,N,JP,card,N,guest,1
131.53,4,desktop,7.54,N,KR,paypal,N,registered,0
60.11,7,tablet,8.0,N,KR,bank_transfer,N,guest,0
309.7,8,tablet,9.53,N,US,paypal,Y,guest,0
369.92,3,tablet,9.81,Y,KR,card,Y,guest,1
152.59,6,mobile,9.93,Y,CN,bank_transfer,N,registered,1
348.95,9,desktop,8.38,N,US,card,Y,registered,0
268.58,5,desktop,10.7,N,KR,bank_transfer,N,registered,0
43.27,2,tablet,5.84,Y,JP,paypal,Y,guest,0
86.18,4,desktop,6.15,Y,KR,card,N,registered,1
109.74,9,mobile,9.78,N,CN,paypal,Y,guest,0
497.27,3,tablet,6.8,N,CN,card,N,registered,1
269.92,8,mobile,9.45,N,KR,paypal,Y,registered,0
297.82,1,tablet,10.17,Y,JP,bank_transfer,N,guest,0
372.71,7,mobile,11.09,N,JP,paypal,N,registered,1
280.14,7,mobile,7.04,N,US,bank_transfer,N,registered,0
458.31,2,tablet,8.93,Y,CN,paypal,N,guest,0
,3,tablet,9.77,N,Others,bank_transfer,Y,guest,0
213.44,9,tablet,10.46,Y,Others,bank_transfer,Y,guest,0
191.47,1,mobile,5.02,N,KR,bank_transfer,N,guest,0
477.38,9,desktop,12.97,Y,Others,bank_transfer,N,guest,0
184.94,5,tablet,2.09,N,Others,paypal,Y,registered,0
435.25,6,desktop,7.56,N,Others,paypal,Y,registered,0
418.53,7,desktop,6.73,N,JP,bank_transfer,N,guest,0
278.32,4,tablet,,N,CN,bank_transfer,Y,guest,0
462.79,9,mobile,7.03,N,JP,bank_transfer,N,registered,0
66.63,4,desktop,8.1,Y,Others,bank_transfer,N,guest,0
69.37,1,tablet,10.29,N,JP,card,Y,registered,0
356.72,4,desktop,12.8,N,CN,card,N,registered,0
447.43,9,desktop,0.66,Y,US,paypal,N,registered,0
96.59,5,mobile,10.37,N,KR,card,N,registered,0
152.27,1,mobile,6.23,N,CN,card,N,registered,1
342.8,4,tablet,7.33,Y,CN,bank_transfer,N,registered,0
98.87,2,desktop,12.53,N,JP,paypal,Y,guest,1
356.66,4,desktop,7.3,N,KR,card,Y,registered,0
254.06,7,tablet,9.27,Y,JP,paypal,N,registered,0
346.73,3,tablet,10.45,N,US,card,N,guest,0
270.34,3,desktop,8.87,Y,CN,card,Y,registered,1
40.83,8,desktop,11.29,N,JP,bank_transfer,Y,guest,0
127.49,8,desktop,9.31,N,CN,bank_transfer,N,registered,0
296.1,1,tablet,7.56,N,CN,card,N,registered,0
77.81,7,tablet,12.05,N,US,card,N,guest,0
260.06,8,mobile,9.14,N,CN,paypal,N,registered,0
,8,mobile,7.45,N,KR,bank_transfer,N,guest,1
45.35,1,tablet,6.84,N,JP,bank_transfer,N,guest,1
105.57,5,desktop,4.83,Y,JP,bank_transfer,N,registered,0
232.34,3,tablet,11.1,Y,KR,card,N,guest,0
441.24,5,desktop,12.22,N,US,paypal,N,guest,0
475.65,5,desktop,12.51,N,JP,card,N,guest,0
249.52,9,mobile,7.57,Y,KR,card,N,registered,0
241.34,2,tablet,11.58,Y,US,bank_transfer,N,registered,0
325.9,3,tablet,4.32,N,KR,paypal,Y,guest,0
175.81,6,tablet,6.51,N,KR,bank_transfer,Y,guest,0
76.44,9,desktop,6.69,N,Others,bank_transfer,N,registered,0
44.53,7,tablet,4.13,Y,JP,bank_transfer,Y,registered,1
326.08,7,mobile,12.44,N,KR,paypal,N,guest,1
409.89,3,desktop,,N,CN,card,Y,guest,0
341.73,7,tablet,12.52,N,CN,card,N,registered,0
332.85,5,tablet,,Y,KR,card,N,registered,1
223.79,3,mobile,13.94,N,KR,card,Y,registered,1
335.17,3,tablet,,Y,JP,card,Y,registered,0
,2,tablet,9.53,N,Others,paypal,N,guest,0
,3,tablet,2.75,N,US,bank_transfer,N,registered,1
274.22,4,mobile,6.98,Y,KR,paypal,N,guest,0
,6,desktop,8.8,Y,US,paypal,N,registered,0
65.0,3,mobile,12.03,N,US,paypal,N,guest,0
396.57,4,mobile,6.48,Y,Others,card,Y,guest,0
349.88,5,mobile,7.68,N,CN,paypal,N,registered,0
353.64,9,mobile,11.32,Y,JP,paypal,Y,guest,0
258.5,6,desktop,4.23,N,Others,card,N,guest,0
488.17,3,mobile,7.19,Y,CN,card,N,guest,0
117.69,7,desktop,9.46,N,KR,bank_transfer,N,registered,0
163.53,3,desktop,11.25,N,KR,bank_transfer,N,guest,1
129.27,1,desktop,8.54,N,CN,card,N,guest,1
43.12,6,desktop,12.37,N,KR,bank_transfer,Y,guest,0
453.91,9,tablet,,N,Others,card,N,guest,0
58.45,1,desktop,2.27,N,US,bank_transfer,N,guest,1
311.46,9,desktop,9.89,N,CN,card,Y,registered,1
322.81,4,desktop,9.72,Y,KR,bank_transfer,N,registered,0
201.41,5,mobile,2.62,Y,US,bank_transfer,N,guest,1
26.36,5,tablet,5.87,N,JP,bank_transfer,N,guest,1
424.27,3,tablet,6.07,N,US,bank_transfer,N,registered,1
204.77,5,tablet,4.86,N,KR,paypal,Y,registered,0
284.8,3,desktop,,Y,US,bank_transfer,Y,registered,0
361.06,6,mobile,1.84,Y,Others,bank_transfer,Y,guest,0
344.13,2,mobile,10.41,N,Others,card,N,guest,0
353.39,9,tablet,12.3,N,JP,paypal,N,guest,0
184.38,5,mobile,7.59,Y,Others,paypal,N,registered,0
217.95,4,desktop,10.2,Y,CN,card,Y,registered,0
135.1,4,tablet,4.68,N,US,bank_transfer,N,registered,0
485.04,7,desktop,10.05,N,JP,bank_transfer,N,guest,0
158.51,9,desktop,5.08,N,Others,paypal,N,registered,0
90.71,1,desktop,12.66,Y,CN,bank_transfer,Y,guest,0
82.08,1,desktop,10.72,N,CN,card,Y,registered,1
473.15,4,tablet,7.59,N,Others,paypal,N,registered,0
188.69,6,mobile,3.78,N,US,card,Y,guest,0
372.11,6,mobile,10.98,N,JP,bank_transfer,Y,guest,0
458.67,5,mobile,6.49,N,US,card,N,guest,0
356.47,7,desktop,8.93,N,US,card,Y,registered,0
,4,mobile,7.32,N,Others,card,N,registered,0
472.28,8,mobile,9.15,N,Others,bank_transfer,Y,guest,1
373.52,3,desktop,6.67,N,JP,card,N,registered,0
134.46,7,desktop,1.91,Y,CN,paypal,N,guest,0
415.41,2,mobile,7.95,N,KR,card,Y,registered,0
385.09,4,tablet,11.83,N,CN,card,Y,guest,0
209.46,2,desktop,9.28,N,KR,bank_transfer,Y,registered,0
116.09,2,tablet,5.92,N,JP,bank_transfer,Y,registered,0
362.05,9,desktop,5.07,N,JP,card,N,registered,0
425.75,8,tablet,6.73,Y,JP,bank_transfer,N,registered,1
196.95,1,tablet,10.0,N,Others,bank_transfer,N,guest,0
229.75,2,tablet,,N,US,card,N,guest,0
191.17,3,desktop,12.89,N,Others,card,Y,guest,1
135.07,2,tablet,6.07,N,JP,card,N,guest,1
333.62,8,tablet,7.04,N,KR,paypal,N,guest,0
207.41,2,tablet,13.12,Y,CN,card,N,guest,0
335.74,8,tablet,6.87,Y,CN,card,N,registered,0
193.89,9,tablet,7.0,N,JP,paypal,N,guest,0
191.12,1,desktop,4.32,N,KR,bank_transfer,N,registered,1
113.72,6,desktop,4.52,N,CN,card,N,registered,0
493.91,3,tablet,13.72,N,CN,paypal,N,registered,1
31.19,4,desktop,9.64,Y,US,card,Y,registered,1
283.08,5,tablet,9.91,N,Others,bank_transfer,N,registered,1
289.24,1,tablet,7.9,Y,CN,card,Y,guest,0
55.88,6,mobile,-1.19,N,US,paypal,Y,registered,1
448.29,1,mobile,14.99,N,KR,bank_transfer,N,registered,0
73.1,5,desktop,2.89,N,KR,bank_transfer,Y,guest,1
320.37,2,tablet,7.52,N,Others,bank_transfer,N,registered,0
68.41,2,desktop,5.97,N,US,paypal,Y,registered,1
361.21,7,mobile,10.07,Y,KR,paypal,N,registered,1
,8,desktop,5.55,N,JP,bank_transfer,Y,guest,0
353.74,8,mobile,6.21,Y,JP,card,Y,registered,1
147.76,2,tablet,7.71,N,CN,bank_transfer,Y,guest,0
456.78,4,mobile,,Y,JP,paypal,N,registered,0
298.22,9,mobile,7.09,N,Others,paypal,N,registered,1
192.65,4,mobile,6.53,Y,KR,bank_transfer,N,registered,1
429.26,5,tablet,2.74,N,KR,paypal,N,guest,0
138.17,8,desktop,2.82,Y,US,card,N,registered,1
394.61,9,mobile,3.68,N,KR,paypal,N,registered,1
41.84,5,tablet,6.67,Y,Others,paypal,N,registered,1
444.82,3,mobile,9.86,Y,JP,paypal,N,guest,0
152.68,1,tablet,5.29,N,JP,card,N,guest,1
298.84,1,tablet,11.04,Y,JP,card,N,registered,0
457.12,3,desktop,11.64,Y,KR,bank_transfer,N,registered,0
496.44,7,desktop,7.38,Y,Others,card,N,guest,0
49.87,9,mobile,11.35,N,KR,card,N,guest,0
465.67,2,tablet,6.33,N,Others,paypal,Y,guest,1
268.24,2,tablet,1.14,N,JP,bank_transfer,N,registered,1
473.78,9,desktop,12.22,Y,Others,paypal,N,registered,0
282.53,4,mobile,5.53,N,US,paypal,Y,registered,1
146.8,6,desktop,12.56,N,US,paypal,N,registered,1
330.66,8,desktop,5.3,N,KR,card,Y,registered,0
242.23,1,mobile,1.25,Y,Others,bank_transfer,N,registered,1
322.88,5,mobile,8.61,N,CN,paypal,Y,registered,1
265.39,6,mobile,2.36,N,JP,paypal,Y,registered,1
126.74,1,mobile,,N,Others,paypal,Y,guest,0
372.56,6,mobile,4.08,N,KR,bank_transfer,Y,registered,0
403.84,6,tablet,7.2,Y,Others,bank_transfer,N,registered,0
440.78,1,desktop,12.31,Y,KR,paypal,Y,guest,0
165.26,5,tablet,5.9,N,JP,paypal,N,registered,0
312.45,3,mobile,10.49,Y,CN,paypal,N,registered,0
60.8,3,tablet,10.92,N,CN,paypal,N,registered,0
173.21,3,mobile,5.85,Y,JP,paypal,Y,registered,0
411.44,1,desktop,8.3,N,Others,paypal,N,registered,0
438.76,9,mobile,11.35,N,CN,bank_transfer,Y,guest,1
447.54,7,tablet,7.86,N,US,paypal,Y,guest,1
,6,desktop,11.13,N,CN,paypal,N,registered,1
459.66,7,tablet,12.04,Y,US,card,Y,registered,1
215.45,5,tablet,10.98,N,Others,bank_transfer,N,registered,0
98.05,8,desktop,10.63,Y,KR,bank_transfer,N,guest,1
108.36,5,mobile,11.52,Y,CN,card,N,guest,0
127.41,5,tablet,5.84,Y,CN,card,Y,guest,1
20.57,8,desktop,8.32,N,Others,bank_transfer,N,registered,1
128.86,3,desktop,5.23,N,KR,bank_transfer,Y,registered,1
466.87,8,mobile,7.05,Y,Others,paypal,N,guest,1
374.49,5,desktop,6.73,Y,Others,bank_transfer,N,registered,0
460.39,7,mobile,10.24,N,KR,card,Y,guest,0
309.68,2,desktop,7.02,Y,KR,card,N,guest,0
238.12,2,tablet,10.8,N,US,paypal,N,guest,1
170.47,6,mobile,-0.16,N,KR,paypal,Y,guest,0
202.87,8,desktop,13.02,N,US,card,Y,guest,0
328.55,3,tablet,6.19,N,US,paypal,N,guest,0
,6,tablet,1.87,N,US,bank_transfer,N,guest,1
82.65,5,desktop,9.84,N,JP,paypal,N,guest,1
370.67,5,mobile,10.43,Y,US,bank_transfer,N,guest,0
22.61,9,tablet,9.78,N,Others,card,N,registered,0
332.32,2,mobile,13.89,N,CN,bank_transfer,N,guest,1
237.46,2,desktop,7.53,Y,Others,card,N,registered,0
116.31,6,desktop,7.72,Y,CN,card,Y,guest,0
322.94,2,tablet,8.33,Y,CN,card,N,registered,0
28.54,1,tablet,4.78,N,CN,card,Y,registered,1
422.5,5,desktop,5.05,N,Others,paypal,N,registered,1
272.26,3,mobile,11.71,Y,JP,bank_transfer,N,registered,1
198.05,6,desktop,9.1,N,CN,bank_transfer,Y,guest,0
224.36,8,tablet,6.2,N,KR,bank_transfer,N,registered,1
147.25,1,desktop,8.43,Y,Others,bank_transfer,N,registered,1
234.28,3,tablet,11.08,N,US,bank_transfer,N,registered,0
491.67,2,tablet,6.33,N,CN,paypal,N,registered,1
380.99,9,tablet,7.72,Y,CN,bank_transfer,N,guest,0
270.04,9,desktop,10.66,Y,CN,card,Y,guest,1
241.94,8,tablet,11.17,Y,Others,paypal,N,guest,0
52.38,6,mobile,0.65,Y,CN,bank_transfer,N,guest,1
318.96,1,desktop,4.69,N,CN,paypal,Y,registered,0
365.42,8,mobile,11.43,Y,JP,paypal,N,guest,0
236.35,5,desktop,4.93,Y,KR,card,N,registered,0
348.69,7,tablet,7.99,N,US,paypal,Y,guest,0
371.63,7,tablet,13.05,N,CN,card,N,registered,1
91.91,9,tablet,9.66,Y,US,paypal,N,guest,0
312.32,9,mobile,8.77,N,Others,bank_transfer,Y,guest,0
434.07,3,desktop,8.75,N,JP,paypal,Y,registered,1
25.58,4,tablet,8.0,Y,US,card,N,guest,0
403.96,4,desktop,8.85,Y,Others,card,N,registered,0
477.68,8,mobile,11.58,Y,KR,paypal,N,registered,0
70.49,2,tablet,3.96,N,Others,paypal,N,guest,0
234.87,6,tablet,7.62,N,CN,card,Y,registered,0
230.13,9,mobile,8.65,N,Others,bank_transfer,Y,guest,1
317.93,1,desktop,9.49,N,Others,card,N,guest,0
197.2,8,tablet,8.54,N,KR,card,N,guest,0
209.76,8,tablet,6.6,N,Others,paypal,N,registered,0
168.11,8,tablet,12.65,N,US,card,N,guest,0
304.2,6,desktop,10.61,Y,US,paypal,Y,registered,1
,5,desktop,8.68,N,KR,card,Y,registered,0
484.37,7,desktop,9.25,N,US,card,N,guest,0
442.16,4,tablet,13.83,Y,JP,paypal,N,guest,0
77.37,2,tablet,8.64,Y,Others,card,Y,registered,0
351.24,8,tablet,9.36,N,JP,paypal,Y,registered,0
453.92,4,desktop,5.18,N,Others,bank_transfer,Y,guest,0
309.98,5,desktop,10.28,N,US,card,N,guest,0
255.88,1,desktop,8.05,Y,CN,bank_transfer,N,registered,0
400.71,2,desktop,4.42,N,KR,paypal,Y,guest,1
104.97,3,desktop,15.06,N,US,paypal,N,registered,1
,2,tablet,7.51,N,CN,bank_transfer,Y,guest,1
142.66,8,tablet,10.49,N,Others,bank_transfer,N,registered,0
131.69,6,desktop,5.37,N,Others,paypal,N,registered,1
385.34,4,tablet,13.22,Y,Others,card,N,guest,0
472.86,2,mobile,10.06,Y,JP,card,N,guest,0
249.35,3,desktop,4.32,Y,Others,paypal,Y,registered,0
34.8,6,tablet,5.92,N,CN,paypal,N,registered,0
304.22,6,tablet,3.33,N,US,bank_transfer,Y,guest,1
181.65,9,mobile,,N,CN,card,N,registered,0
261.99,5,tablet,14.69,Y,Others,card,N,guest,0
31.4,5,tablet,0.69,N,US,card,N,registered,0
169.59,7,mobile,1.4,N,Others,card,Y,guest,0
431.63,5,mobile,5.25,N,CN,paypal,N,guest,0
214.86,4,mobile,6.87,Y,JP,paypal,N,guest,1
296.43,2,desktop,8.12,Y,CN,paypal,N,registered,0
351.76,8,mobile,4.13,N,Others,paypal,Y,guest,0
434.65,8,tablet,10.0,N,JP,paypal,Y,guest,0
420.09,2,desktop,7.82,N,Others,paypal,N,registered,0
388.65,7,tablet,3.65,N,Others,paypal,N,registered,1
157.6,5,desktop,9.33,N,KR,bank_transfer,Y,registered,0
,8,tablet,8.58,N,KR,paypal,N,registered,0
416.43,9,mobile,7.73,Y,CN,card,N,guest,0
293.96,7,desktop,3.22,Y,US,bank_transfer,N,registered,0
139.1,9,mobile,8.22,N,KR,card,N,registered,0
26.02,3,tablet,5.04,N,KR,paypal,N,registered,1
179.79,4,mobile,,N,JP,bank_transfer,Y,guest,0
208.59,3,mobile,7.61,N,KR,card,Y,registered,0
404.62,3,desktop,6.86,Y,JP,card,N,registered,0
449.87,1,mobile,10.84,N,Others,paypal,Y,registered,1
382.51,6,tablet,7.5,N,JP,bank_transfer,N,guest,1
341.14,2,mobile,17.04,Y,US,paypal,Y,registered,0
416.13,5,tablet,15.99,N,JP,bank_transfer,N,registered,0
50.07,8,tablet,5.28,N,JP,paypal,N,guest,1
,5,desktop,4.62,Y,Others,card,Y,registered,0
52.23,8,mobile,10.0,N,JP,paypal,N,registered,0
83.48,5,mobile,6.82,N,KR,bank_transfer,N,guest,0
369.01,4,desktop,9.84,Y,CN,card,Y,guest,1
140.53,3,mobile,3.54,N,CN,bank_transfer,N,registered,0
282.81,1,mobile,10.08,N,KR,paypal,Y,guest,1
26.45,2,mobile,9.76,N,Others,bank_transfer,Y,guest,0
54.53,5,tablet,7.48,Y,JP,bank_transfer,Y,registered,0
85.94,1,desktop,9.7,N,US,card,N,guest,0
,1,mobile,4.89,N,JP,card,Y,guest,0
296.79,7,mobile,7.0,N,CN,bank_transfer,N,registered,1
119.7,3,tablet,5.71,N,JP,paypal,Y,guest,0
,3,tablet,10.51,N,US,card,N,registered,0
143.72,1,mobile,4.45,Y,Others,bank_transfer,N,guest,0
353.28,4,tablet,3.7,N,JP,paypal,Y,registered,0
384.72,5,mobile,6.21,N,JP,card,N,registered,0
498.87,9,tablet,13.2,Y,KR,bank_transfer,N,guest,0
398.01,7,desktop,6.26,Y,CN,card,N,guest,1
193.75,3,mobile,7.03,N,US,card,N,guest,0
180.29,6,desktop,5.12,N,CN,paypal,Y,guest,1
376.75,1,desktop,10.62,Y,KR,card,Y,guest,0
174.67,2,tablet,6.27,Y,CN,paypal,Y,guest,0
202.39,3,mobile,5.17,Y,Others,paypal,N,registered,0
352.81,4,tablet,9.33,Y,KR,paypal,N,guest,0
210.5,4,desktop,6.9,Y,KR,bank_transfer,N,registered,0
77.29,3,mobile,5.33,N,Others,paypal,N,guest,0
294.09,5,desktop,8.69,N,JP,bank_transfer,N,registered,0
107.71,5,mobile,,Y,Others,card,Y,registered,1
244.95,2,desktop,10.43,Y,Others,paypal,N,guest,1
470.3,9,desktop,8.29,N,KR,card,N,registered,1
233.12,2,desktop,10.67,N,KR,paypal,N,guest,1
323.54,4,desktop,6.06,Y,CN,bank_transfer,N,guest,0
157.19,1,tablet,9.2,Y,CN,paypal,N,guest,1
312.15,8,desktop,4.25,N,US,paypal,N,registered,1
348.96,4,desktop,3.0,N,KR,bank_transfer,Y,guest,0
413.83,2,tablet,6.64,Y,KR,paypal,N,guest,0
170.05,7,tablet,9.42,Y,KR,paypal,N,guest,0
154.82,5,desktop,8.21,N,JP,bank_transfer,N,guest,1
162.74,7,tablet,6.18,N,JP,card,N,registered,1
234.87,7,desktop,2.38,N,KR,bank_transfer,N,guest,0
302.93,4,desktop,5.95,N,KR,bank_transfer,Y,guest,0
444.76,5,mobile,11.59,N,KR,card,Y,registered,1
499.23,6,mobile,10.5,N,Others,card,N,registered,0
199.48,7,desktop,,Y,KR,paypal,Y,guest,0
68.3,9,desktop,8.58,Y,KR,paypal,N,registered,0
414.39,7,tablet,6.07,N,Others,bank_transfer,N,registered,0
270.59,8,mobile,9.6,N,CN,paypal,Y,registered,1
371.5,3,mobile,9.11,N,Others,bank_transfer,N,guest,0
325.12,1,mobile,3.5,Y,CN,bank_transfer,N,guest,0
332.07,3,tablet,5.61,N,JP,bank_transfer,N,registered,0
449.09,8,mobile,13.37,Y,KR,bank_transfer,Y,guest,0
275.5,1,desktop,8.81,N,Others,card,N,registered,0
113.72,6,mobile,11.21,Y,KR,card,N,guest,1
79.03,2,mobile,,N,JP,paypal,N,guest,0
487.82,2,mobile,5.04,N,KR,bank_transfer,Y,registered,0
130.34,2,mobile,9.92,N,JP,bank_transfer,N,guest,0
128.66,2,tablet,9.83,N,US,card,N,guest,1
338.14,9,tablet,11.12,Y,Others,card,N,registered,0
249.34,6,tablet,10.58,Y,JP,card,Y,registered,0
362.44,8,desktop,4.97,N,JP,bank_transfer,N,registered,0
359.68,9,desktop,9.75,N,US,paypal,Y,registered,0
259.94,2,desktop,12.57,Y,Others,bank_transfer,Y,guest,0
80.81,2,tablet,3.46,Y,Others,paypal,N,guest,0
445.58,2,desktop,8.34,N,JP,paypal,N,registered,1
,8,desktop,8.12,N,US,bank_transfer,N,guest,1
226.69,1,mobile,4.88,Y,US,card,N,guest,0
457.89,2,desktop,6.57,N,CN,paypal,N,registered,1
470.72,6,desktop,9.38,Y,US,card,Y,registered,1
297.71,8,mobile,13.74,Y,Others,bank_transfer,N,guest,1
434.61,2,desktop,7.65,N,CN,paypal,N,registered,0
348.1,5,mobile,8.27,N,US,paypal,Y,guest,1
250.19,9,desktop,6.49,N,CN,paypal,N,registered,1
232.75,4,tablet,1.72,Y,US,card,Y,guest,1
77.57,2,mobile,7.46,N,KR,bank_transfer,Y,registered,0
232.04,8,desktop,5.4,N,CN,paypal,N,guest,0
228.37,9,tablet,11.02,N,US,paypal,N,registered,0
246.6,8,desktop,3.02,Y,US,bank_transfer,Y,registered,0
165.86,1,tablet,4.73,N,JP,bank_transfer,N,registered,0
446.92,3,mobile,9.7,Y,KR,paypal,N,registered,0
24.61,7,mobile,7.38,N,US,card,N,guest,0
65.64,8,tablet,8.78,N,US,bank_transfer,Y,registered,0
341.49,3,tablet,9.88,N,Others,card,N,guest,1
215.9,1,tablet,5.88,Y,CN,card,N,guest,0
425.79,2,tablet,9.09,Y,JP,bank_transfer,N,registered,0
169.64,2,tablet,7.36,N,CN,paypal,N,guest,1
430.92,9,mobile,6.08,Y,Others,bank_transfer,N,guest,0
36.19,4,desktop,7.39,Y,Others,paypal,N,registered,0
496.27,2,desktop,11.69,N,KR,paypal,N,guest,0
483.71,9,tablet,3.93,N,US,paypal,Y,guest,1
486.18,4,mobile,18.07,N,US,bank_transfer,Y,registered,1
41.14,9,mobile,12.32,N,US,paypal,N,guest,0
461.73,2,mobile,6.23,Y,KR,card,N,guest,1
335.03,1,tablet,7.52,Y,US,paypal,N,guest,0
253.27,3,desktop,6.96,Y,Others,bank_transfer,N,registered,1
177.14,1,desktop,8.61,N,US,card,N,guest,0
459.34,5,mobile,8.4,N,US,card,N,guest,0
61.98,4,tablet,11.99,Y,JP,bank_transfer,N,guest,0
430.22,3,mobile,12.59,N,CN,paypal,Y,guest,0
149.34,6,tablet,11.32,Y,US,bank_transfer,N,guest,1
269.27,9,mobile,7.48,N,KR,bank_transfer,N,guest,1
276.95,3,desktop,8.51,N,CN,bank_transfer,N,registered,0
437.79,9,mobile,5.95,N,KR,card,N,guest,0
34.65,1,desktop,6.15,Y,Others,paypal,Y,registered,0
449.81,4,mobile,12.45,N,CN,card,Y,guest,1
67.91,5,tablet,9.78,Y,JP,bank_transfer,N,guest,1
435.11,2,mobile,5.21,N,KR,paypal,Y,registered,0
457.83,7,tablet,11.29,Y,US,card,N,guest,0
389.86,1,desktop,8.54,N,JP,bank_transfer,N,registered,0
36.89,4,mobile,12.12,Y,CN,card,N,registered,0
190.94,7,desktop,6.39,N,CN,paypal,N,guest,0
320.27,2,desktop,6.53,Y,JP,bank_transfer,N,registered,0
85.38,8,desktop,9.21,Y,JP,card,N,guest,0
415.55,1,desktop,9.33,Y,KR,paypal,Y,registered,0
20.5,1,tablet,7.28,Y,US,card,N,registered,0
353.79,3,tablet,2.72,N,CN,paypal,Y,registered,1
291.17,4,tablet,10.62,Y,US,card,Y,registered,0
122.31,1,mobile,6.57,N,Others,bank_transfer,N,registered,1
316.39,8,tablet,16.01,N,KR,bank_transfer,Y,guest,0
432.24,5,desktop,4.39,N,KR,bank_transfer,N,registered,0
361.76,1,desktop,9.48,N,JP,paypal,Y,guest,0
329.43,4,tablet,7.53,N,Others,bank_transfer,N,guest,0
,5,tablet,10.01,N,US,paypal,N,guest,1
243.11,3,tablet,6.57,N,Others,card,N,guest,0
210.58,7,desktop,11.0,N,JP,bank_transfer,Y,registered,0
69.11,9,mobile,8.87,Y,CN,card,N,guest,0
32.98,3,tablet,4.18,N,CN,bank_transfer,N,registered,1
233.53,1,desktop,5.46,N,KR,paypal,Y,guest,0
319.51,6,tablet,5.76,Y,US,bank_transfer,N,guest,1
175.6,4,desktop,9.35,Y,US,paypal,N,guest,1
284.91,6,tablet,,N,JP,bank_transfer,N,registered,0
352.02,9,mobile,9.91,N,KR,paypal,N,registered,1
39.2,1,desktop,5.67,Y,JP,bank_transfer,N,guest,0
328.66,8,mobile,6.89,Y,CN,bank_transfer,N,guest,0
424.41,7,tablet,,Y,CN,paypal,N,registered,0
388.98,2,mobile,7.1,N,Others,bank_transfer,Y,guest,0
51.93,6,mobile,8.71,N,KR,bank_transfer,N,registered,1
197.26,4,desktop,11.81,Y,Others,paypal,N,registered,0
259.41,9,tablet,9.1,N,KR,card,N,registered,1
212.95,7,tablet,12.66,Y,CN,paypal,Y,registered,0
108.34,1,tablet,8.79,N,KR,card,Y,registered,0
450.29,3,mobile,3.93,N,JP,paypal,N,guest,1
469.8,1,mobile,10.16,N,JP,card,Y,registered,0
65.55,5,tablet,6.54,N,Others,bank_transfer,N,registered,1
130.91,2,desktop,3.2,Y,Others,bank_transfer,N,guest,0
20.21,8,tablet,10.97,Y,CN,card,N,guest,0
266.33,8,tablet,7.92,N,Others,paypal,Y,registered,0
406.02,1,tablet,2.56,N,JP,paypal,N,registered,0
207.43,1,mobile,4.25,N,KR,card,N,guest,0
161.25,9,desktop,9.27,Y,KR,paypal,N,guest,0
225.63,6,mobile,,Y,JP,bank_transfer,N,registered,0
233.44,9,tablet,10.12,N,JP,card,N,registered,0
477.41,2,mobile,10.35,N,CN,card,Y,registered,1
27.81,8,desktop,7.47,Y,CN,bank_transfer,N,guest,0
143.39,4,tablet,9.44,N,CN,card,N,guest,0
22.4,5,desktop,8.14,Y,CN,bank_transfer,N,guest,0
275.48,6,mobile,8.67,Y,CN,bank_transfer,N,registered,0
393.82,6,mobile,15.52,N,CN,bank_transfer,N,registered,1
422.58,9,tablet,6.53,N,JP,paypal,Y,registered,0
459.47,3,mobile,9.65,N,US,bank_transfer,Y,guest,0
194.09,8,tablet,10.97,Y,US,card,Y,registered,1
273.84,8,mobile,12.57,N,CN,bank_transfer,N,registered,0
415.62,8,mobile,8.82,N,JP,card,Y,guest,0
381.27,3,desktop,10.67,Y,JP,card,N,registered,0
180.97,5,mobile,10.12,N,JP,card,Y,guest,1
354.45,2,mobile,7.47,Y,CN,paypal,N,registered,0
444.0,5,desktop,,N,Others,card,N,guest,0
48.91,8,mobile,8.42,N,Others,paypal,Y,guest,1
334.76,5,mobile,7.52,N,KR,paypal,Y,registered,0
184.97,3,mobile,8.27,N,Others,bank_transfer,N,guest,0
171.38,8,desktop,1.12,N,KR,paypal,N,registered,1
452.09,3,mobile,12.7,N,CN,paypal,N,guest,0
183.41,1,mobile,7.74,N,US,card,N,registered,1
,2,tablet,7.01,Y,CN,bank_transfer,Y,registered,0
348.26,1,mobile,9.62,N,KR,card,N,registered,0
297.94,5,tablet,6.34,N,KR,paypal,N,registered,0
495.35,7,mobile,10.26,N,CN,card,N,guest,0
131.12,2,mobile,6.15,Y,US,bank_transfer,Y,registered,1
52.52,2,tablet,11.61,Y,JP,paypal,N,guest,0
41.23,3,desktop,,Y,Others,bank_transfer,N,registered,1
449.07,2,tablet,8.08,N,KR,paypal,Y,guest,0
369.55,4,tablet,7.53,Y,JP,card,N,guest,0
364.08,7,tablet,5.77,Y,Others,bank_transfer,Y,registered,1
391.13,3,mobile,5.82,N,JP,card,Y,guest,0
383.46,3,mobile,8.53,Y,US,card,N,guest,0
56.09,5,mobile,1.99,Y,CN,card,N,guest,1
223.28,3,desktop,9.96,N,KR,bank_transfer,N,guest,1
207.36,4,desktop,11.32,N,KR,card,N,registered,1
250.77,2,desktop,8.5,Y,Others,bank_transfer,Y,guest,0
299.18,2,tablet,8.86,N,KR,bank_transfer,N,guest,0
40.74,6,desktop,7.28,Y,CN,bank_transfer,Y,registered,0
470.92,3,desktop,2.6,Y,US,paypal,N,registered,1
305.12,8,tablet,11.38,Y,KR,paypal,N,guest,1
202.68,9,mobile,5.5,Y,Others,paypal,N,registered,1
497.7,1,mobile,4.27,N,JP,paypal,Y,guest,0
161.2,2,mobile,10.31,Y,US,bank_transfer,Y,registered,0
137.04,7,tablet,6.02,N,Others,card,N,registered,0
490.67,5,mobile,6.56,N,CN,card,N,guest,1
219.06,8,desktop,8.02,Y,US,paypal,Y,guest,1
316.1,5,mobile,7.83,Y,CN,bank_transfer,N,guest,0
25.67,9,mobile,8.43,N,JP,paypal,N,guest,0
295.74,9,mobile,10.28,N,KR,paypal,N,registered,0
75.69,1,desktop,,N,KR,card,N,guest,1
192.48,5,desktop,5.6,Y,CN,bank_transfer,N,guest,1
162.94,5,desktop,5.4,Y,CN,bank_transfer,Y,registered,0
96.68,7,tablet,5.25,N,US,bank_transfer,Y,registered,1
188.21,6,mobile,2.28,N,JP,paypal,N,guest,0
468.32,8,desktop,6.48,Y,KR,bank_transfer,N,registered,1
391.15,7,tablet,4.15,N,KR,bank_transfer,N,guest,0
455.45,6,mobile,8.38,Y,KR,paypal,N,registered,0
55.28,6,tablet,6.87,Y,KR,bank_transfer,N,guest,0
198.56,8,mobile,11.3,N,KR,bank_transfer,Y,guest,1
183.01,5,tablet,7.29,N,JP,paypal,Y,guest,1
83.2,7,desktop,8.22,N,US,bank_transfer,N,registered,1
437.46,2,desktop,6.99,Y,JP,bank_transfer,Y,registered,0
38.26,6,tablet,3.29,N,Others,bank_transfer,N,registered,0
116.4,1,mobile,5.37,Y,JP,paypal,N,registered,1
258.4,4,desktop,5.02,N,Others,card,Y,guest,0
478.43,2,desktop,7.36,Y,CN,bank_transfer,N,guest,1
28.23,7,tablet,7.23,N,US,bank_transfer,N,guest,0
386.17,8,desktop,10.66,N,Others,bank_transfer,N,guest,0
158.93,1,desktop,5.94,N,CN,paypal,Y,registered,1
289.96,6,tablet,5.52,Y,KR,bank_transfer,Y,guest,0
59.87,2,desktop,8.83,N,KR,card,Y,registered,1
324.21,3,desktop,3.41,N,US,paypal,N,guest,1
187.32,8,mobile,13.85,N,Others,paypal,N,registered,0
287.94,1,tablet,12.69,N,CN,paypal,N,registered,0
406.86,2,desktop,10.94,Y,US,paypal,Y,registered,0
478.56,1,mobile,4.55,N,Others,paypal,Y,registered,1
319.13,3,desktop,9.39,Y,JP,bank_transfer,N,registered,0
53.18,1,tablet,8.18,Y,US,card,Y,guest,0
220.48,7,mobile,3.39,N,JP,bank_transfer,N,guest,0
147.62,2,mobile,10.02,N,JP,paypal,N,guest,1
393.55,6,desktop,6.0,Y,US,bank_transfer,N,registered,0
405.58,3,tablet,5.63,N,Others,card,N,registered,0
307.73,4,tablet,7.38,N,JP,card,Y,guest,0
239.84,6,tablet,10.58,N,Others,bank_transfer,N,registered,1
94.13,9,tablet,8.99,N,KR,bank_transfer,N,registered,0
184.96,3,tablet,11.17,N,CN,bank_transfer,N,registered,0
260.47,7,desktop,1.66,N,CN,bank_transfer,N,guest,1
292.36,7,mobile,6.53,N,KR,paypal,N,guest,1
36.88,6,mobile,7.57,N,CN,paypal,N,guest,0
335.42,6,tablet,5.8,N,CN,card,N,guest,0
162.69,9,desktop,6.68,Y,US,card,N,registered,0
305.89,9,mobile,4.44,N,Others,bank_transfer,N,registered,0
311.75,1,mobile,11.84,Y,US,card,N,registered,1
249.02,5,mobile,,N,Others,bank_transfer,N,registered,1
338.47,6,tablet,9.99,Y,US,bank_transfer,N,registered,1
,5,mobile,5.0,N,US,bank_transfer,Y,guest,1
417.2,3,tablet,7.82,Y,US,paypal,Y,registered,0
180.23,6,tablet,,Y,Others,card,N,guest,0
155.89,9,tablet,,Y,KR,card,Y,registered,1
158.1,3,tablet,7.31,N,JP,paypal,N,guest,0
237.04,8,desktop,5.6,N,JP,card,N,guest,1
,4,tablet,5.02,N,KR,card,Y,registered,1
119.7,6,desktop,5.39,N,US,paypal,Y,guest,1
485.73,5,desktop,6.3,N,Others,paypal,N,registered,0
89.19,3,mobile,9.64,Y,US,bank_transfer,N,registered,0
263.06,2,desktop,11.98,Y,JP,bank_transfer,N,registered,0
288.97,3,desktop,9.02,N,Others,bank_transfer,Y,guest,1
71.08,9,desktop,17.16,N,CN,card,N,guest,1
87.19,3,desktop,4.11,N,Others,paypal,N,registered,1
311.32,6,mobile,5.25,Y,JP,card,N,registered,0
387.3,2,tablet,9.26,N,KR,paypal,Y,guest,0
143.68,3,tablet,12.2,N,US,bank_transfer,N,registered,0
43.93,7,desktop,2.88,N,US,card,Y,registered,0
122.36,5,desktop,9.86,Y,Others,card,Y,registered,0
162.54,4,tablet,5.34,N,US,card,N,guest,0
151.53,4,desktop,7.24,Y,Others,card,N,guest,0
74.41,6,mobile,6.27,N,JP,paypal,N,guest,0
433.76,5,desktop,6.51,N,CN,card,Y,registered,0
23.38,4,desktop,4.88,N,JP,bank_transfer,Y,guest,0
344.49,3,desktop,15.06,N,CN,paypal,N,guest,1
338.77,7,mobile,8.27,N,KR,card,N,registered,0
138.57,1,desktop,6.41,N,CN,card,N,registered,0
67.69,9,mobile,,N,US,card,N,guest,0
,1,tablet,,N,US,paypal,N,guest,0
62.67,9,tablet,8.93,N,US,bank_transfer,N,registered,0
27.24,4,mobile,2.57,N,JP,card,Y,guest,0
482.77,5,mobile,6.44,Y,CN,card,N,guest,1
28.52,4,desktop,7.48,N,CN,bank_transfer,N,guest,1
27.72,7,mobile,9.86,N,KR,paypal,Y,guest,0
64.95,5,tablet,1.24,N,KR,paypal,N,registered,0
357.55,9,tablet,7.27,Y,CN,card,N,registered,1
433.02,4,desktop,8.27,Y,KR,paypal,N,registered,0
435.98,1,mobile,2.52,N,Others,paypal,Y,guest,1
49.5,9,mobile,9.11,N,US,bank_transfer,N,registered,1
306.81,2,desktop,7.8,N,CN,card,N,guest,0
285.15,1,tablet,,Y,KR,paypal,Y,registered,0
407.92,4,desktop,6.94,N,Others,paypal,N,guest,0
383.67,8,tablet,6.77,N,Others,paypal,N,registered,1
210.33,6,mobile,7.35,Y,CN,bank_transfer,N,registered,0
251.74,9,desktop,6.15,Y,JP,paypal,N,registered,0
149.45,8,desktop,9.83,N,CN,paypal,N,registered,0
315.89,6,desktop,1.39,Y,KR,card,N,registered,0
329.77,7,desktop,6.59,N,CN,bank_transfer,Y,registered,1
250.72,4,mobile,9.98,Y,JP,paypal,N,guest,0
463.76,1,desktop,9.43,Y,US,bank_transfer,Y,registered,0
352.99,7,mobile,7.71,Y,CN,card,N,registered,1
389.99,5,mobile,6.27,N,CN,card,N,registered,1
166.98,2,desktop,7.21,N,CN,bank_transfer,Y,registered,1
359.74,1,mobile,,N,Others,bank_transfer,N,guest,0
142.1,2,desktop,10.61,N,CN,bank_transfer,Y,guest,1
490.15,8,mobile,9.01,N,JP,card,N,registered,1
171.13,2,tablet,5.72,Y,CN,bank_transfer,Y,guest,0
369.58,3,mobile,8.99,Y,JP,bank_transfer,N,registered,0
24.98,6,mobile,2.29,N,KR,bank_transfer,N,registered,0
110.69,7,tablet,4.57,N,KR,paypal,N,registered,1
37.24,7,mobile,11.39,N,KR,card,N,registered,1
163.63,2,desktop,12.07,N,JP,card,N,registered,0
140.35,1,mobile,5.7,Y,US,paypal,Y,registered,0
46.79,6,desktop,,N,US,card,N,guest,0
258.91,3,desktop,5.67,N,US,paypal,N,guest,0
,6,tablet,6.77,Y,KR,bank_transfer,Y,registered,1
451.41,3,tablet,7.31,N,KR,paypal,N,guest,0
423.31,1,desktop,8.67,N,KR,paypal,N,registered,0
417.61,8,mobile,11.09,N,US,bank_transfer,N,registered,0
251.21,4,desktop,7.17,N,US,card,N,registered,1
452.93,9,mobile,8.34,Y,CN,paypal,Y,registered,1
132.81,6,tablet,4.28,Y,CN,paypal,N,registered,0
162.75,4,mobile,2.37,N,JP,card,Y,registered,1
180.27,5,mobile,12.84,N,US,bank_transfer,N,guest,0
440.65,3,mobile,10.24,N,Others,card,N,guest,0
147.6,3,mobile,6.04,Y,Others,bank_transfer,N,registered,1
247.76,4,tablet,7.41,Y,KR,paypal,N,registered,0
290.12,5,mobile,7.28,N,CN,card,N,registered,0
244.13,7,mobile,14.07,Y,KR,card,N,registered,1
360.86,2,mobile,5.78,Y,CN,bank_transfer,N,guest,0
200.38,6,tablet,9.79,Y,Others,paypal,N,registered,0
317.39,4,tablet,6.72,N,Others,bank_transfer,Y,guest,0
381.61,4,mobile,10.72,N,Others,paypal,N,registered,0
460.29,4,tablet,14.21,N,US,card,N,registered,0
143.46,2,desktop,9.77,Y,KR,paypal,N,registered,0
69.03,8,tablet,2.67,N,Others,bank_transfer,N,registered,1
498.98,3,tablet,5.86,N,US,paypal,N,registered,1
258.23,3,mobile,9.34,Y,CN,card,Y,registered,0
488.88,9,mobile,10.76,Y,JP,paypal,N,registered,1
471.5,6,mobile,7.05,Y,JP,bank_transfer,N,registered,1
224.26,3,mobile,5.54,N,Others,bank_transfer,N,registered,1
206.15,3,mobile,3.0,N,CN,bank_transfer,N,guest,1
233.0,8,desktop,3.25,N,Others,card,N,guest,1
251.36,2,desktop,13.91,N,KR,paypal,N,guest,0
321.22,6,tablet,6.53,N,JP,paypal,N,guest,1
146.23,9,tablet,6.09,Y,US,card,N,registered,0
493.32,4,tablet,6.22,Y,Others,paypal,Y,guest,0
39.91,8,mobile,10.68,Y,KR,card,Y,guest,0
81.19,9,desktop,5.0,Y,JP,paypal,N,guest,0
318.98,5,tablet,,N,CN,card,N,registered,0
438.97,1,desktop,15.56,N,Others,bank_transfer,N,guest,1
496.45,4,desktop,9.67,N,Others,card,N,guest,1
258.3,5,tablet,1.29,N,KR,bank_transfer,Y,guest,0
452.31,1,desktop,4.81,N,US,paypal,N,guest,0
356.12,1,mobile,8.44,Y,Others,bank_transfer,N,guest,0
114.93,6,tablet,11.74,N,US,card,N,registered,0
463.94,6,mobile,,N,KR,bank_transfer,N,guest,0
63.53,8,tablet,9.05,N,CN,bank_transfer,N,registered,0
221.79,7,desktop,11.01,N,US,paypal,N,registered,1
403.46,5,mobile,4.59,N,KR,paypal,N,registered,0
335.55,2,desktop,7.14,N,Others,bank_transfer,Y,registered,1
450.54,2,desktop,7.89,N,CN,card,Y,guest,0
107.93,5,tablet,2.07,N,Others,card,Y,guest,1
299.29,7,desktop,2.67,Y,Others,card,Y,registered,1
190.95,6,mobile,9.33,Y,JP,paypal,N,guest,1
175.5,1,tablet,13.2,Y,US,card,N,guest,1
210.02,2,desktop,10.79,Y,KR,bank_transfer,N,registered,1
488.51,5,desktop,6.51,N,US,paypal,N,registered,1
414.77,2,desktop,9.24,Y,US,paypal,N,guest,0
237.45,4,mobile,8.1,N,Others,paypal,N,guest,0
217.89,6,mobile,9.8,N,Others,bank_transfer,N,registered,1
,6,tablet,9.4,N,US,card,N,registered,0
244.82,9,desktop,4.01,Y,US,bank_transfer,N,registered,0
190.06,5,desktop,2.56,Y,JP,bank_transfer,Y,guest,0
427.47,4,tablet,10.01,Y,KR,card,N,guest,0
386.95,8,tablet,10.87,Y,CN,card,N,guest,1
185.28,1,desktop,6.45,Y,CN,bank_transfer,N,registered,0
250.53,1,tablet,7.32,N,US,bank_transfer,Y,guest,1
229.96,3,tablet,9.55,N,JP,card,N,guest,1
341.46,7,mobile,9.13,N,US,paypal,N,registered,0
273.54,3,tablet,5.49,Y,US,paypal,N,guest,0
492.01,7,tablet,9.19,N,Others,bank_transfer,N,registered,1
423.61,6,tablet,7.43,N,KR,bank_transfer,N,guest,0
211.47,8,mobile,5.09,N,Others,paypal,N,guest,0
186.54,1,tablet,7.1,Y,US,bank_transfer,N,registered,1
327.91,3,tablet,8.67,Y,KR,card,N,registered,0
249.98,1,desktop,10.13,N,CN,card,N,registered,0
220.86,7,mobile,10.59,N,Others,bank_transfer,N,registered,0
403.79,1,desktop,5.43,Y,Others,card,N,guest,1
437.61,7,desktop,7.77,N,JP,bank_transfer,N,registered,0
420.63,9,tablet,5.73,N,JP,bank_transfer,N,registered,1
310.8,4,desktop,10.77,N,CN,bank_transfer,Y,registered,0
190.42,8,desktop,9.42,Y,JP,paypal,N,guest,0
421.33,8,desktop,8.23,N,Others,card,Y,registered,0
198.46,1,tablet,4.54,Y,CN,paypal,N,registered,0
148.36,3,tablet,12.18,Y,CN,paypal,Y,registered,1
184.12,8,mobile,5.78,N,CN,paypal,N,registered,0
386.82,8,mobile,5.61,N,US,bank_transfer,N,registered,1
486.4,3,tablet,8.23,Y,Others,card,Y,guest,0
65.64,4,desktop,10.08,Y,Others,paypal,N,registered,0
338.81,9,desktop,8.9,Y,KR,paypal,N,registered,0
392.66,6,mobile,5.88,N,US,paypal,N,registered,1
259.63,6,mobile,6.08,Y,KR,card,N,guest,1
333.46,3,tablet,8.73,N,Others,paypal,Y,guest,1
274.43,8,tablet,8.9,Y,US,card,N,guest,0
243.3,7,desktop,7.82,Y,CN,paypal,N,registered,0
29.25,1,mobile,5.77,N,CN,card,N,registered,0
322.24,6,mobile,5.82,N,CN,paypal,N,guest,0
227.29,3,desktop,4.98,Y,Others,bank_transfer,Y,guest,1
394.79,1,desktop,11.58,N,KR,bank_transfer,N,registered,1
205.46,1,tablet,4.56,N,JP,bank_transfer,N,guest,0
94.29,6,mobile,9.74,N,CN,card,Y,guest,1
141.07,3,desktop,6.88,Y,JP,card,N,guest,1
435.75,1,mobile,3.05,Y,JP,paypal,N,guest,0
221.3,8,desktop,11.32,N,JP,paypal,Y,registered,0
332.57,7,mobile,5.33,Y,KR,bank_transfer,N,guest,0
148.96,1,mobile,9.37,Y,US,bank_transfer,Y,guest,0
197.08,7,tablet,7.42,N,CN,paypal,N,guest,0
290.12,7,tablet,9.94,Y,CN,paypal,N,registered,1
293.29,9,mobile,5.15,Y,KR,card,N,guest,0
74.53,4,desktop,8.86,N,Others,card,N,guest,1
60.21,3,tablet,12.35,N,KR,bank_transfer,N,guest,0
77.9,3,desktop,6.25,Y,CN,paypal,Y,registered,0
198.05,4,desktop,14.1,Y,Others,card,N,registered,1
299.9,5,mobile,9.72,Y,JP,bank_transfer,N,registered,0
210.82,6,mobile,0.53,N,JP,paypal,N,registered,1
400.49,3,desktop,9.68,N,JP,card,N,guest,0
396.53,1,mobile,6.52,Y,Others,bank_transfer,N,guest,0
412.8,6,tablet,10.52,N,US,card,Y,registered,0
212.26,2,desktop,11.8,N,JP,paypal,N,registered,0
92.9,4,desktop,9.34,N,JP,bank_transfer,N,registered,0
263.42,2,mobile,4.51,N,KR,bank_transfer,N,guest,1
312.75,6,tablet,6.29,N,JP,bank_transfer,N,registered,0
76.33,1,tablet,12.11,N,Others,paypal,N,registered,0
309.61,8,mobile,6.26,Y,Others,card,Y,registered,0
130.31,2,tablet,8.77,N,CN,card,N,guest,0
178.89,3,mobile,7.29,N,CN,bank_transfer,N,guest,0
99.47,8,tablet,1.02,N,Others,bank_transfer,N,registered,0
146.27,1,mobile,4.46,N,Others,paypal,N,registered,1
75.55,2,mobile,10.59,Y,JP,bank_transfer,N,registered,1
126.78,8,desktop,7.57,N,CN,card,N,guest,0
311.78,2,tablet,11.35,Y,JP,card,N,guest,0
142.6,8,mobile,2.27,Y,KR,card,N,guest,0
202.99,7,tablet,7.4,Y,CN,bank_transfer,N,registered,0
107.14,2,tablet,12.77,Y,JP,card,N,guest,0
180.97,3,tablet,11.82,Y,US,card,N,registered,0
478.34,9,mobile,,Y,JP,bank_transfer,N,guest,1
324.04,9,mobile,10.7,Y,CN,paypal,N,guest,1
238.18,2,tablet,14.44,N,CN,card,N,guest,0
345.79,3,tablet,7.51,Y,CN,card,N,registered,1
205.17,9,tablet,9.9,N,CN,card,Y,guest,0
390.76,7,tablet,5.01,Y,Others,paypal,N,registered,1
389.31,2,tablet,8.51,N,KR,card,N,registered,0
116.44,3,desktop,5.35,N,KR,card,Y,guest,0
360.84,6,desktop,9.25,N,KR,bank_transfer,N,guest,0
353.76,6,desktop,7.25,N,JP,bank_transfer,Y,guest,0
320.86,6,mobile,13.94,Y,Others,bank_transfer,N,registered,1
475.2,9,tablet,5.2,Y,US,card,Y,guest,0
232.32,3,tablet,13.1,N,US,card,N,guest,0
359.4,6,mobile,6.3,Y,US,paypal,Y,registered,0
152.72,6,desktop,7.63,N,Others,card,N,guest,0
116.67,1,mobile,10.45,N,US,bank_transfer,N,registered,0
195.25,4,tablet,1.86,N,JP,card,Y,guest,0
137.08,2,mobile,13.19,N,KR,paypal,N,guest,0
213.27,6,desktop,1.6,N,US,paypal,Y,guest,1
305.4,8,mobile,10.46,N,Others,bank_transfer,Y,guest,0
219.87,4,desktop,8.35,Y,Others,card,Y,registered,1
304.94,2,desktop,9.06,N,CN,paypal,N,registered,1
234.86,3,mobile,10.41,N,JP,bank_transfer,N,guest,1
269.74,8,desktop,8.43,Y,CN,card,N,guest,1
223.19,7,tablet,10.29,N,JP,bank_transfer,N,guest,0
351.69,2,desktop,10.32,N,KR,paypal,Y,guest,0
,9,tablet,11.67,N,US,paypal,Y,registered,0
476.07,1,mobile,10.05,N,Others,paypal,N,registered,1
384.71,8,mobile,11.77,Y,CN,paypal,Y,guest,0
231.75,3,desktop,6.22,Y,Others,bank_transfer,Y,registered,0
249.78,6,tablet,5.82,Y,US,bank_transfer,N,registered,0
439.72,3,tablet,5.14,Y,KR,card,N,guest,0
422.26,4,tablet,5.25,N,Others,bank_transfer,N,guest,0
340.5,3,mobile,5.46,N,CN,card,N,registered,1
72.5,3,tablet,7.15,N,JP,card,Y,registered,0
497.87,2,mobile,0.64,N,JP,bank_transfer,Y,guest,0
443.46,1,mobile,4.12,Y,JP,bank_transfer,N,registered,0
194.76,7,tablet,8.14,Y,Others,card,N,registered,0
178.76,4,tablet,10.08,N,Others,bank_transfer,N,guest,1
403.98,3,tablet,5.37,Y,US,bank_transfer,N,guest,0
47.86,5,mobile,5.83,Y,Others,bank_transfer,N,guest,0
488.85,4,tablet,7.32,N,JP,bank_transfer,N,guest,1
367.79,5,desktop,8.3,Y,JP,paypal,N,guest,0
31.2,7,tablet,8.5,Y,US,paypal,N,guest,1
306.69,3,mobile,7.81,Y,CN,paypal,N,guest,0
100.21,6,mobile,10.98,N,JP,card,N,registered,1
481.47,2,mobile,5.84,Y,CN,bank_transfer,N,guest,1
440.28,5,desktop,8.55,N,US,card,Y,guest,0
341.38,4,tablet,10.81,N,JP,bank_transfer,N,guest,1
91.32,8,desktop,12.94,Y,CN,card,N,guest,0
131.9,5,desktop,14.26,N,KR,bank_transfer,N,guest,1
40.11,7,desktop,8.84,N,CN,paypal,Y,guest,0
435.36,7,tablet,4.61,N,Others,bank_transfer,Y,registered,1
211.53,9,mobile,,N,JP,bank_transfer,Y,guest,0
318.11,9,desktop,-0.98,N,JP,paypal,Y,guest,0
285.15,2,tablet,10.37,Y,CN,paypal,N,guest,1
85.41,9,desktop,9.42,Y,CN,card,N,guest,0
42.63,9,tablet,11.23,Y,Others,paypal,N,registered,0
,1,desktop,8.3,N,CN,paypal,N,guest,0
397.9,7,tablet,9.58,N,US,paypal,N,guest,0
115.56,1,mobile,10.34,Y,US,paypal,Y,guest,0
,7,desktop,8.77,Y,KR,card,Y,registered,0
393.3,2,mobile,9.11,N,JP,card,Y,guest,0
313.58,7,mobile,7.58,N,CN,card,N,guest,1
231.93,6,desktop,10.04,N,US,bank_transfer,N,guest,0
453.5,5,tablet,10.71,N,JP,bank_transfer,N,guest,0
402.5,7,desktop,8.95,N,KR,bank_transfer,N,guest,1
191.93,8,mobile,3.1,N,Others,card,Y,guest,0
155.04,1,desktop,5.49,N,CN,bank_transfer,N,registered,0
275.3,9,tablet,8.9,N,CN,paypal,N,registered,0
228.78,9,desktop,5.54,Y,CN,bank_transfer,N,guest,0
281.77,4,tablet,15.4,Y,KR,paypal,Y,registered,0
93.86,4,desktop,8.54,N,CN,paypal,N,registered,0
41.42,4,mobile,11.52,Y,KR,bank_transfer,N,registered,0
446.71,6,desktop,10.03,N,Others,card,N,guest,0
479.43,9,tablet,8.78,Y,KR,card,Y,registered,1
168.49,2,desktop,6.87,Y,KR,bank_transfer,Y,registered,0
84.64,3,desktop,8.05,N,US,bank_transfer,N,guest,0
125.1,4,tablet,7.89,N,Others,paypal,N,guest,0
412.04,6,tablet,7.51,Y,CN,paypal,N,guest,0
378.13,8,tablet,13.51,N,US,bank_transfer,Y,registered,0
47.08,3,tablet,2.73,N,CN,card,N,guest,1
250.56,3,mobile,0.59,N,CN,card,N,guest,0
47.4,1,desktop,4.31,Y,US,card,Y,guest,0
36.38,2,tablet,3.28,Y,JP,card,Y,registered,0
416.34,4,desktop,10.26,N,JP,bank_transfer,N,guest,1
,6,tablet,4.13,N,KR,bank_transfer,N,guest,0
41.46,4,tablet,8.37,Y,CN,paypal,N,guest,0
213.37,8,mobile,10.24,N,KR,card,N,registered,1
420.96,9,tablet,9.91,N,JP,bank_transfer,Y,guest,1
438.08,9,desktop,11.57,Y,US,bank_transfer,N,guest,0
98.61,3,tablet,8.03,N,US,paypal,N,registered,0
269.74,5,mobile,8.9,Y,JP,paypal,N,guest,1
335.86,6,tablet,10.03,Y,KR,paypal,N,guest,1
119.62,8,desktop,5.05,N,CN,bank_transfer,N,guest,1
96.5,5,desktop,6.74,Y,Others,paypal,Y,guest,1
395.95,2,tablet,4.74,N,JP,paypal,Y,guest,0
124.36,1,mobile,4.98,N,JP,card,Y,guest,0
145.57,3,desktop,8.2,Y,JP,card,N,registered,0
56.48,8,tablet,12.46,Y,CN,card,Y,registered,0
349.25,4,mobile,12.4,Y,US,bank_transfer,N,guest,1
228.95,8,desktop,5.49,N,CN,bank_transfer,N,guest,1
243.71,9,desktop,12.04,Y,Others,paypal,N,guest,0
167.87,2,tablet,1.85,N,CN,bank_transfer,N,guest,0
436.44,8,tablet,8.14,N,CN,bank_transfer,N,registered,1
79.43,6,desktop,11.13,Y,CN,bank_transfer,Y,guest,0
403.36,2,mobile,4.43,Y,Others,paypal,N,registered,0
433.62,8,desktop,11.42,N,JP,paypal,N,guest,0
467.47,9,tablet,9.78,Y,JP,paypal,Y,registered,1
271.33,3,tablet,5.66,Y,CN,bank_transfer,N,registered,0
,2,mobile,5.19,Y,KR,card,N,guest,1
443.72,5,mobile,11.99,N,Others,bank_transfer,N,registered,1
315.17,2,tablet,9.12,Y,Others,paypal,Y,guest,1
90.8,3,tablet,12.39,N,KR,paypal,N,registered,0
204.06,2,tablet,10.04,N,US,bank_transfer,N,guest,0
229.8,9,mobile,13.26,N,US,bank_transfer,N,guest,1
,9,mobile,5.43,Y,KR,card,Y,registered,0
439.95,3,mobile,,Y,JP,paypal,Y,registered,0
176.45,9,mobile,5.54,N,JP,bank_transfer,Y,registered,1
52.31,1,tablet,10.45,N,US,paypal,N,guest,0
484.67,5,desktop,13.11,N,US,card,N,guest,0
30.7,6,tablet,5.94,N,KR,card,Y,guest,0
46.29,9,mobile,7.23,Y,US,card,N,registered,1
167.78,3,desktop,9.0,N,US,bank_transfer,N,registered,0
314.02,2,mobile,3.02,Y,JP,paypal,N,guest,1
499.97,4,tablet,9.04,N,US,bank_transfer,Y,registered,1
446.45,7,desktop,,N,Others,paypal,N,registered,0
117.85,2,mobile,11.01,N,KR,card,N,guest,0
476.08,3,tablet,10.32,Y,JP,card,Y,guest,1
206.8,5,mobile,4.57,N,JP,card,N,registered,0
274.47,1,desktop,12.75,N,US,paypal,N,guest,0
296.25,6,desktop,10.61,N,KR,card,N,guest,1
310.59,2,desktop,,Y,KR,paypal,N,registered,0
479.88,1,desktop,16.1,N,Others,card,Y,guest,0
,3,desktop,9.24,N,CN,paypal,Y,registered,0
344.59,7,desktop,10.09,Y,US,bank_transfer,N,guest,0
408.55,2,desktop,10.92,N,KR,paypal,Y,guest,0
317.38,7,desktop,8.11,N,CN,card,N,registered,1
171.92,1,desktop,5.76,Y,KR,card,N,guest,0
24.11,5,mobile,8.66,Y,CN,card,N,guest,0
230.12,6,tablet,6.89,Y,KR,card,N,guest,1
433.43,2,tablet,7.65,Y,CN,paypal,Y,registered,0
61.74,9,tablet,10.46,N,JP,card,Y,registered,1
70.16,6,desktop,8.78,N,JP,bank_transfer,N,guest,0
416.89,7,desktop,7.17,Y,US,bank_transfer,N,guest,1
115.35,9,tablet,7.19,Y,US,card,N,registered,0
20.46,1,desktop,11.43,N,KR,paypal,N,guest,0
185.04,1,tablet,7.54,N,KR,card,N,guest,1
212.66,6,tablet,5.72,N,JP,paypal,Y,registered,1
334.29,4,tablet,4.24,N,US,bank_transfer,Y,guest,1
236.08,4,tablet,7.26,N,CN,paypal,N,registered,1
486.3,3,desktop,8.51,N,JP,card,Y,registered,0
63.69,1,tablet,10.68,Y,JP,paypal,N,guest,0
129.15,5,mobile,12.44,Y,US,card,Y,registered,0
,4,tablet,6.07,Y,KR,bank_transfer,N,guest,0
339.39,8,tablet,11.09,Y,Others,card,N,registered,0
47.02,9,tablet,13.94,Y,Others,card,N,registered,0
328.2,6,tablet,9.28,Y,Others,bank_transfer,N,registered,0
328.02,2,desktop,5.61,N,JP,card,Y,guest,0
433.89,7,desktop,7.25,N,JP,paypal,N,registered,0
360.05,4,mobile,10.44,N,KR,bank_transfer,N,guest,0
480.01,1,desktop,3.09,Y,KR,bank_transfer,N,guest,1
107.91,9,desktop,9.92,N,Others,bank_transfer,Y,registered,0
100.84,6,desktop,8.2,N,JP,bank_transfer,N,guest,0
142.77,5,desktop,5.48,Y,Others,card,Y,guest,0
279.11,5,tablet,12.32,N,US,card,N,registered,0
52.58,3,desktop,5.82,Y,KR,bank_transfer,Y,registered,1
151.24,3,mobile,14.11,N,CN,paypal,Y,registered,1
413.04,4,desktop,8.33,N,KR,bank_transfer,N,guest,0
137.64,2,desktop,8.88,N,US,card,Y,guest,1
321.81,2,tablet,3.51,Y,KR,paypal,N,guest,0
64.59,9,tablet,4.28,N,CN,paypal,N,guest,1
101.73,1,tablet,2.0,N,JP,bank_transfer,Y,guest,0
,9,mobile,6.77,Y,KR,bank_transfer,N,guest,0
453.37,7,tablet,,N,US,bank_transfer,N,guest,0
29.22,1,tablet,6.1,N,KR,paypal,N,guest,1
288.65,1,desktop,8.84,N,US,bank_transfer,N,registered,0
255.11,3,mobile,10.34,N,KR,card,Y,guest,0
60.12,3,mobile,5.17,N,JP,paypal,N,guest,0
284.75,1,mobile,9.93,Y,US,card,Y,guest,0
82.62,6,tablet,8.86,N,CN,paypal,N,registered,0
27.87,8,tablet,10.41,N,CN,bank_transfer,N,registered,0
210.69,9,tablet,6.64,N,CN,bank_transfer,N,registered,1
206.43,2,mobile,9.36,N,US,bank_transfer,N,guest,0
182.06,5,mobile,10.34,N,Others,card,N,guest,1
100.66,9,tablet,7.04,N,US,paypal,Y,registered,1
352.76,7,mobile,7.96,Y,US,paypal,Y,guest,1
481.77,6,tablet,10.53,Y,CN,paypal,N,registered,0
436.93,6,mobile,9.41,N,KR,card,N,registered,0
226.33,8,desktop,5.18,Y,US,paypal,Y,registered,0
394.77,1,mobile,7.13,N,US,card,N,guest,0
87.87,3,mobile,7.95,N,US,card,N,registered,0
478.55,6,desktop,4.98,N,CN,bank_transfer,Y,guest,0
249.02,4,mobile,5.21,N,US,paypal,N,guest,0
273.81,1,tablet,6.81,N,US,card,N,registered,0
484.61,6,mobile,4.19,N,CN,bank_transfer,N,guest,1
350.78,3,mobile,9.81,Y,US,bank_transfer,Y,guest,0
255.3,2,desktop,,Y,US,bank_transfer,N,registered,1
88.23,1,tablet,11.89,N,CN,paypal,N,guest,1
276.25,6,tablet,10.53,N,CN,card,N,guest,0
44.39,9,desktop,7.59,N,CN,paypal,Y,registered,0
,2,tablet,6.0,N,CN,paypal,Y,guest,1
379.0,3,mobile,5.19,N,KR,bank_transfer,N,registered,0
31.8,8,mobile,4.32,N,Others,bank_transfer,N,registered,0
156.73,7,mobile,8.38,N,US,card,N,guest,1
224.05,4,mobile,6.81,N,US,bank_transfer,Y,guest,1
488.22,4,desktop,15.92,Y,CN,card,N,registered,0
30.79,1,tablet,10.79,N,KR,card,N,registered,1
144.87,4,mobile,8.05,Y,JP,card,N,registered,1
209.18,5,tablet,,N,US,paypal,Y,registered,1
413.48,6,tablet,1.58,N,US,bank_transfer,Y,registered,1
495.65,8,tablet,10.07,N,CN,card,Y,guest,0
307.68,4,tablet,12.15,Y,US,card,N,guest,0
281.82,5,mobile,10.22,N,Others,paypal,Y,registered,1
68.75,1,desktop,7.59,N,JP,paypal,N,registered,0
329.22,4,tablet,7.42,Y,KR,paypal,N,registered,1
140.32,4,mobile,10.54,N,CN,bank_transfer,Y,guest,0
190.23,7,desktop,8.29,N,KR,bank_transfer,N,guest,1
234.12,6,desktop,2.55,Y,CN,paypal,N,registered,0
117.15,7,desktop,12.94,Y,KR,bank_transfer,N,registered,0
194.92,8,desktop,9.7,Y,JP,card,N,guest,0
425.57,1,tablet,7.3,Y,JP,paypal,Y,guest,1
71.59,1,mobile,11.02,N,JP,paypal,Y,guest,0
,6,desktop,9.06,N,Others,paypal,Y,guest,0
82.95,4,mobile,15.07,Y,US,card,N,guest,0
476.16,3,mobile,9.97,N,CN,paypal,Y,registered,1
287.24,6,desktop,1.83,Y,CN,paypal,Y,guest,0
237.14,4,tablet,4.01,N,Others,bank_transfer,Y,guest,0
23.04,7,tablet,9.55,N,US,card,N,guest,1
149.49,9,tablet,6.58,Y,US,bank_transfer,N,registered,0
287.08,5,tablet,4.51,N,CN,card,Y,guest,0
175.63,7,mobile,,Y,US,card,N,guest,0
295.47,8,mobile,9.27,N,CN,card,Y,guest,0
316.56,8,tablet,3.22,N,KR,card,Y,registered,0
188.35,3,tablet,7.17,N,KR,bank_transfer,N,guest,0
288.68,9,mobile,9.61,Y,JP,bank_transfer,Y,guest,0
142.55,2,tablet,7.01,N,US,card,N,registered,0
394.61,3,desktop,7.22,Y,US,bank_transfer,N,guest,0
117.92,3,tablet,13.38,Y,KR,paypal,N,registered,1
258.04,8,desktop,6.6,Y,KR,card,N,registered,1
180.95,5,tablet,8.72,N,KR,card,N,registered,0
162.8,3,desktop,4.97,N,Others,card,Y,guest,1
,5,desktop,10.99,Y,JP,card,N,guest,0
330.45,6,desktop,7.53,N,KR,bank_transfer,N,registered,1
229.85,5,mobile,4.39,N,KR,paypal,N,guest,0
242.7,2,desktop,14.12,N,Others,card,N,guest,0
292.54,8,tablet,11.23,N,JP,card,N,registered,0
347.51,1,tablet,7.16,Y,CN,paypal,N,guest,0
211.46,8,mobile,,Y,Others,bank_transfer,Y,guest,1
249.27,7,desktop,0.99,N,US,paypal,N,guest,0
169.28,1,desktop,9.51,N,Others,bank_transfer,N,guest,0
136.6,2,desktop,6.76,N,JP,card,Y,guest,1
399.93,5,mobile,4.9,N,KR,bank_transfer,N,registered,1
479.25,3,mobile,5.95,Y,Others,card,N,guest,1
232.43,9,mobile,5.01,N,KR,bank_transfer,Y,registered,1
323.41,4,desktop,9.26,Y,KR,card,N,guest,0
164.43,7,tablet,6.87,N,JP,bank_transfer,N,guest,1
296.54,2,mobile,4.04,N,CN,bank_transfer,N,registered,0
21.58,1,desktop,12.39,N,Others,card,Y,registered,0
292.58,6,tablet,7.53,Y,US,paypal,N,guest,1
479.51,7,desktop,9.81,N,KR,paypal,N,guest,1
86.28,2,desktop,6.68,Y,Others,card,Y,registered,0
429.09,8,desktop,3.95,Y,KR,card,N,registered,0
201.39,4,tablet,8.13,N,Others,card,N,registered,0
140.04,6,desktop,6.55,N,JP,bank_transfer,N,registered,1
207.52,7,mobile,14.97,Y,Others,card,Y,guest,0
37.39,1,desktop,13.11,N,Others,card,N,guest,1
119.53,1,desktop,16.29,N,JP,paypal,N,guest,0
377.15,2,tablet,8.13,N,CN,bank_transfer,N,guest,1
410.19,9,mobile,4.95,Y,KR,bank_transfer,N,guest,1
425.06,9,tablet,5.26,N,US,paypal,N,guest,1
303.83,6,tablet,4.55,N,US,card,N,registered,0
397.0,6,mobile,5.36,Y,JP,bank_transfer,Y,registered,0
89.14,5,tablet,5.49,N,Others,bank_transfer,N,registered,0
220.76,2,tablet,10.15,N,JP,bank_transfer,N,registered,1
92.68,4,desktop,13.04,Y,KR,paypal,Y,registered,1
186.61,1,tablet,5.77,Y,CN,card,N,registered,1
262.29,8,mobile,8.72,N,US,paypal,N,registered,0
407.16,9,desktop,3.66,N,CN,paypal,N,guest,1
134.44,9,desktop,4.65,N,JP,paypal,N,guest,0
388.54,7,tablet,12.47,N,Others,bank_transfer,N,guest,1
469.92,8,mobile,8.25,Y,KR,card,Y,registered,0
,1,mobile,11.66,N,Others,card,Y,guest,0
158.09,1,desktop,3.01,Y,JP,paypal,N,guest,1
492.26,7,tablet,,N,JP,bank_transfer,Y,registered,0
32.16,1,mobile,5.35,N,Others,bank_transfer,N,guest,0
283.82,7,tablet,3.2,Y,JP,bank_transfer,N,registered,0
260.86,3,mobile,5.99,Y,JP,paypal,N,guest,0
174.81,4,mobile,6.18,N,US,card,Y,guest,0
,3,desktop,8.7,N,CN,paypal,Y,registered,0
232.01,4,desktop,15.31,Y,CN,bank_transfer,Y,guest,1
137.91,5,desktop,15.79,N,US,bank_transfer,N,registered,0
437.42,2,tablet,8.13,N,Others,paypal,Y,guest,1
265.21,3,mobile,7.26,N,CN,paypal,N,guest,0
418.35,3,desktop,3.85,Y,KR,bank_transfer,N,registered,1
,2,desktop,8.9,N,Others,card,N,guest,0
,6,desktop,8.56,Y,Others,card,Y,registered,0
430.07,5,tablet,7.49,N,CN,card,Y,guest,0
175.42,1,mobile,9.52,N,CN,bank_transfer,N,guest,0
440.22,3,mobile,7.43,Y,KR,bank_transfer,N,registered,0
125.38,8,mobile,8.27,N,KR,card,Y,guest,0
262.45,4,mobile,1.71,N,JP,paypal,N,registered,0
459.06,7,mobile,7.07,Y,KR,bank_transfer,N,guest,0
270.68,9,desktop,5.99,N,US,bank_transfer,N,registered,1
176.69,5,tablet,13.31,Y,CN,paypal,Y,guest,0
460.68,1,mobile,9.57,Y,KR,paypal,N,guest,1
450.33,4,desktop,7.87,N,US,card,N,registered,1
69.97,9,desktop,8.78,N,Others,card,N,guest,0
174.04,3,desktop,13.06,N,Others,paypal,N,guest,1
407.08,3,tablet,10.25,Y,US,bank_transfer,N,guest,0
113.48,8,tablet,10.26,N,Others,card,N,guest,0
235.24,8,desktop,7.43,N,JP,paypal,N,guest,0
,5,tablet,4.83,Y,Others,paypal,N,registered,0
432.34,2,mobile,15.17,N,CN,card,N,guest,1
409.18,5,desktop,10.54,N,JP,card,N,registered,0
,3,mobile,8.87,Y,CN,card,N,guest,0
156.03,5,mobile,10.63,Y,JP,card,N,guest,0
498.19,4,desktop,6.86,Y,JP,bank_transfer,Y,guest,1
494.32,1,tablet,,N,US,bank_transfer,Y,guest,0
256.45,4,desktop,8.95,N,JP,bank_transfer,N,registered,1
235.99,3,tablet,8.87,Y,JP,bank_transfer,N,registered,1
466.72,1,desktop,8.64,N,US,paypal,N,guest,1
446.47,7,tablet,11.27,Y,Others,bank_transfer,N,guest,0
498.07,5,tablet,6.2,N,CN,bank_transfer,Y,guest,0
,2,desktop,13.51,Y,JP,bank_transfer,Y,registered,1
133.28,5,desktop,10.72,Y,JP,paypal,Y,guest,1
437.01,7,desktop,11.26,N,Others,card,N,registered,0
47.24,5,mobile,13.28,N,Others,paypal,N,guest,0
326.12,8,desktop,9.81,N,KR,bank_transfer,N,registered,1
470.38,2,desktop,3.85,N,KR,paypal,N,registered,1
469.6,6,desktop,11.94,N,US,paypal,N,guest,0
446.29,8,desktop,6.08,Y,KR,paypal,N,guest,0
176.16,9,tablet,7.18,Y,CN,bank_transfer,N,registered,0
460.29,7,mobile,10.46,Y,KR,paypal,N,registered,0
345.76,5,desktop,8.09,Y,JP,paypal,N,guest,1
401.88,5,tablet,8.96,Y,KR,bank_transfer,N,guest,0
222.26,6,mobile,9.69,N,JP,bank_transfer,Y,guest,0
64.04,9,desktop,4.34,Y,KR,card,N,registered,0
173.63,1,mobile,7.26,N,US,card,Y,guest,1
223.93,1,tablet,7.75,N,CN,paypal,Y,registered,0
410.58,3,mobile,12.85,Y,CN,paypal,Y,registered,1
235.97,9,tablet,6.19,Y,US,paypal,Y,registered,1
257.19,4,desktop,12.03,Y,Others,bank_transfer,Y,guest,0
473.54,8,desktop,10.59,N,US,paypal,N,guest,0
432.29,5,desktop,7.46,Y,US,card,N,registered,0
371.76,1,tablet,6.52,N,CN,card,Y,registered,0
338.39,7,desktop,6.78,N,Others,card,N,guest,1
373.88,3,mobile,5.68,Y,US,bank_transfer,N,registered,0
286.26,2,tablet,7.86,Y,KR,paypal,N,registered,1
308.31,2,desktop,10.55,Y,KR,bank_transfer,Y,guest,0
268.62,1,tablet,10.02,N,US,bank_transfer,Y,registered,1
148.14,5,tablet,7.54,Y,KR,paypal,N,registered,0
57.64,2,tablet,8.36,N,KR,bank_transfer,N,guest,0
483.67,9,desktop,9.82,N,JP,card,Y,registered,0
225.71,3,desktop,4.59,N,US,bank_transfer,N,guest,1
438.03,4,mobile,8.75,N,US,card,N,guest,0
264.21,2,desktop,3.64,N,CN,paypal,Y,registered,0
129.56,5,tablet,7.26,N,Others,card,N,guest,0
376.78,4,mobile,3.5,N,JP,bank_transfer,Y,registered,0
493.0,6,tablet,6.22,Y,Others,bank_transfer,Y,registered,1
,2,tablet,6.44,Y,JP,paypal,N,guest,0
428.99,1,desktop,7.1,N,JP,paypal,Y,registered,0
485.68,8,tablet,11.15,N,JP,bank_transfer,N,guest,1
49.99,1,mobile,6.78,N,JP,paypal,N,registered,0
199.26,2,desktop,,Y,Others,paypal,N,guest,1
243.36,2,tablet,10.33,Y,JP,paypal,Y,registered,0
437.09,7,desktop,6.01,N,JP,card,Y,registered,1
239.49,8,mobile,8.27,N,JP,paypal,Y,guest,0
391.02,4,mobile,7.88,Y,Others,paypal,N,guest,0
392.49,7,mobile,,N,US,card,N,guest,0
82.66,8,desktop,7.98,Y,CN,card,N,registered,0
288.79,2,mobile,1.74,Y,CN,card,N,registered,0
231.2,8,tablet,9.0,N,Others,bank_transfer,N,guest,1
419.18,1,desktop,11.61,Y,CN,bank_transfer,N,guest,0
323.88,3,mobile,8.93,Y,KR,card,N,guest,1
52.49,9,mobile,8.44,N,US,bank_transfer,N,guest,1
289.9,1,desktop,3.63,N,Others,bank_transfer,N,guest,0
361.28,3,tablet,10.51,N,JP,paypal,N,registered,0
83.85,3,tablet,9.83,Y,Others,paypal,N,guest,0
329.41,8,desktop,11.66,N,Others,paypal,Y,registered,1
291.41,5,desktop,11.94,N,CN,paypal,Y,guest,0
327.79,2,desktop,6.38,N,KR,paypal,N,guest,0
298.69,3,tablet,7.48,N,JP,paypal,N,registered,0
294.38,7,desktop,12.24,N,Others,card,N,registered,0
343.42,9,desktop,3.18,N,US,paypal,N,registered,1
149.94,4,tablet,8.97,N,US,bank_transfer,N,guest,0
177.42,6,mobile,5.31,N,JP,paypal,N,registered,0
,1,mobile,5.58,N,US,bank_transfer,Y,guest,0
88.25,5,desktop,10.4,N,KR,paypal,Y,guest,0
398.34,3,desktop,7.72,Y,US,bank_transfer,N,registered,0
288.33,3,tablet,8.53,N,JP,paypal,N,guest,1
189.5,5,desktop,11.57,Y,US,card,Y,guest,0
193.24,1,mobile,11.3,N,CN,card,N,guest,0
32.08,8,desktop,9.45,N,Others,bank_transfer,N,registered,0
282.33,3,desktop,9.54,N,Others,bank_transfer,N,registered,1
466.17,4,desktop,10.73,N,Others,bank_transfer,N,guest,0
114.81,7,tablet,5.15,N,US,paypal,N,registered,0
312.5,5,tablet,3.68,N,KR,bank_transfer,Y,registered,0
177.81,4,desktop,7.92,N,US,paypal,N,guest,0
440.71,9,tablet,10.07,N,JP,card,N,registered,1
200.5,8,tablet,11.74,Y,US,paypal,Y,guest,1
91.55,1,desktop,8.25,N,US,card,N,registered,0
151.6,2,tablet,11.33,N,KR,card,N,guest,0
315.97,9,desktop,9.18,Y,CN,card,N,guest,0
159.96,3,desktop,3.99,N,CN,bank_transfer,N,registered,0
439.91,2,mobile,9.02,N,CN,card,Y,registered,1
438.52,7,mobile,11.53,N,CN,paypal,Y,guest,0
74.41,6,mobile,6.2,N,US,paypal,N,guest,0
291.63,8,mobile,9.3,N,JP,card,N,registered,0
341.34,7,tablet,6.8,N,CN,paypal,Y,registered,0
74.62,7,mobile,7.44,N,CN,bank_transfer,N,guest,0
63.0,4,tablet,7.18,N,JP,bank_transfer,N,guest,1
443.24,1,tablet,8.3,N,CN,paypal,N,guest,0
333.49,7,desktop,4.32,N,CN,bank_transfer,N,registered,0
403.17,6,mobile,10.84,Y,JP,card,N,registered,0
103.95,9,mobile,11.19,Y,CN,bank_transfer,N,guest,1
52.14,7,tablet,11.09,N,JP,paypal,Y,guest,1
187.49,5,mobile,5.24,N,KR,card,N,registered,0
158.12,5,desktop,9.97,Y,CN,paypal,N,registered,1
471.9,8,tablet,10.96,N,US,bank_transfer,N,guest,0
293.48,2,tablet,9.3,Y,US,bank_transfer,Y,guest,0
404.28,1,desktop,5.64,Y,KR,card,N,guest,0
221.69,5,desktop,6.49,Y,JP,bank_transfer,Y,guest,0
22.19,3,mobile,12.24,Y,CN,paypal,Y,registered,0
27.3,8,desktop,7.65,Y,Others,paypal,N,guest,1
94.46,5,tablet,5.87,Y,Others,bank_transfer,N,registered,0
447.37,3,desktop,5.67,N,US,card,N,registered,0
68.76,9,mobile,,N,KR,card,N,guest,0
158.45,3,mobile,9.73,N,Others,paypal,Y,guest,1
467.82,6,tablet,1.98,Y,JP,paypal,Y,registered,1
205.66,5,tablet,3.87,N,CN,bank_transfer,N,guest,0
297.63,9,desktop,3.37,N,US,bank_transfer,N,registered,0
221.66,5,mobile,10.03,N,KR,paypal,N,guest,0
199.87,5,tablet,4.87,N,KR,bank_transfer,Y,registered,0
438.65,2,mobile,2.39,Y,US,card,Y,guest,0
454.56,5,mobile,7.31,N,US,bank_transfer,N,guest,0
170.39,5,desktop,9.01,N,KR,bank_transfer,Y,guest,0
260.87,6,mobile,6.08,N,JP,card,Y,registered,0
482.19,7,desktop,6.25,N,Others,paypal,Y,registered,0
389.07,1,desktop,11.66,Y,KR,card,N,guest,0
347.16,6,tablet,12.37,Y,KR,bank_transfer,N,registered,1
124.83,1,desktop,,N,KR,card,Y,registered,0
137.79,2,tablet,6.6,N,CN,paypal,N,registered,0
304.64,3,mobile,,N,KR,paypal,Y,guest,0
366.0,8,mobile,8.36,N,KR,bank_transfer,N,registered,1
307.99,3,tablet,7.86,N,Others,paypal,N,registered,1
,6,desktop,11.3,N,CN,paypal,N,guest,1
334.24,7,desktop,3.85,N,CN,paypal,N,registered,0
185.05,5,desktop,8.37,N,CN,paypal,N,registered,0
481.87,3,tablet,8.33,N,Others,bank_transfer,N,guest,0
292.18,8,mobile,15.57,Y,US,bank_transfer,Y,guest,0
363.42,1,mobile,6.45,Y,KR,card,Y,guest,0
367.63,9,mobile,10.35,Y,Others,bank_transfer,N,registered,0
140.53,3,tablet,8.58,Y,CN,paypal,Y,guest,0
399.37,9,desktop,7.7,N,CN,paypal,N,registered,1
116.86,2,desktop,8.55,N,Others,card,Y,registered,1
245.87,6,mobile,13.33,N,CN,bank_transfer,N,guest,0
101.45,6,desktop,8.74,Y,US,paypal,N,guest,1
243.48,5,tablet,4.87,N,CN,bank_transfer,Y,guest,0
293.75,4,mobile,5.41,Y,CN,card,N,guest,0
424.66,1,tablet,12.02,N,JP,paypal,N,guest,0
293.5,7,mobile,7.93,N,KR,paypal,N,guest,0
432.67,3,mobile,10.51,N,KR,bank_transfer,Y,guest,1
222.83,6,tablet,5.23,Y,Others,paypal,N,registered,0
96.76,9,tablet,6.84,Y,JP,paypal,Y,guest,0
386.49,4,desktop,3.22,N,US,bank_transfer,N,registered,0
310.84,8,desktop,12.22,N,CN,paypal,N,guest,0
63.25,3,mobile,3.96,N,Others,paypal,Y,registered,0
218.55,3,mobile,9.9,Y,US,paypal,N,guest,0
202.06,6,tablet,5.63,N,CN,paypal,Y,registered,1
98.41,9,desktop,8.43,N,Others,card,Y,guest,1
286.19,7,mobile,8.63,N,US,card,Y,guest,0
100.32,2,mobile,6.68,N,JP,paypal,N,guest,0
227.05,2,tablet,6.72,Y,US,card,N,guest,1
337.29,4,desktop,6.61,Y,US,bank_transfer,N,registered,0
367.29,3,desktop,10.72,Y,KR,card,N,guest,0
347.87,3,tablet,12.44,N,JP,card,N,guest,0
468.19,3,mobile,1.65,Y,US,bank_transfer,N,registered,0
115.12,1,mobile,7.63,N,US,card,N,registered,1
193.23,6,tablet,6.12,N,Others,card,Y,guest,0
95.27,1,tablet,9.46,N,Others,card,Y,registered,0
479.4,9,mobile,9.52,N,JP,card,N,registered,0
279.61,2,tablet,8.85,N,US,card,Y,registered,0
327.43,7,desktop,11.86,N,US,bank_transfer,N,guest,0
,9,tablet,5.96,N,KR,card,Y,registered,0
23.93,9,mobile,7.36,N,JP,bank_transfer,N,guest,1
,6,tablet,14.27,N,KR,paypal,Y,registered,0
472.78,5,mobile,5.09,N,CN,bank_transfer,N,registered,1
473.18,9,desktop,13.39,N,CN,card,N,registered,0
182.57,9,tablet,11.15,N,KR,card,Y,guest,0
359.84,7,desktop,5.24,N,US,paypal,N,registered,0
333.03,3,tablet,7.31,N,US,bank_transfer,N,guest,0
301.19,1,desktop,8.89,Y,KR,card,N,registered,0
,9,mobile,8.17,N,US,paypal,N,registered,1
279.99,4,desktop,11.6,N,CN,paypal,N,guest,1
58.78,9,mobile,7.85,Y,US,bank_transfer,N,registered,1
224.8,2,mobile,5.19,N,KR,paypal,N,registered,0
481.76,4,desktop,9.82,N,Others,bank_transfer,N,registered,0
62.09,7,tablet,3.39,Y,Others,card,Y,registered,0
22.2,6,mobile,0.05,Y,Others,paypal,N,guest,0
238.23,6,tablet,8.17,N,US,paypal,N,guest,0
260.6,6,desktop,5.72,Y,Others,card,Y,guest,0
248.91,4,mobile,9.84,Y,KR,paypal,N,guest,0
376.81,5,tablet,6.39,N,KR,card,N,registered,0
303.75,7,tablet,5.49,N,Others,paypal,Y,guest,0
339.53,8,desktop,4.3,N,Others,bank_transfer,N,registered,0
338.97,3,tablet,8.7,N,Others,paypal,N,guest,1
275.95,8,tablet,9.55,Y,JP,paypal,N,registered,1
289.99,8,desktop,5.32,Y,JP,paypal,Y,guest,1
252.51,8,tablet,5.11,Y,JP,card,N,guest,0
159.61,9,tablet,9.47,Y,US,paypal,N,registered,0
265.21,9,desktop,9.82,N,Others,card,Y,registered,0
295.8,1,desktop,4.61,N,Others,card,Y,guest,0
52.28,3,tablet,11.72,N,CN,bank_transfer,Y,guest,0
,6,mobile,8.76,N,CN,bank_transfer,N,registered,0
157.06,5,desktop,7.46,N,CN,bank_transfer,N,registered,0
402.17,5,desktop,9.4,Y,US,bank_transfer,N,guest,1
473.56,6,desktop,5.06,N,Others,bank_transfer,N,guest,0
441.2,8,tablet,10.67,Y,US,paypal,N,guest,0
493.85,4,desktop,13.05,Y,Others,card,N,guest,0
92.14,9,tablet,3.99,N,JP,paypal,N,guest,0
151.57,7,mobile,4.86,Y,CN,bank_transfer,Y,registered,0
105.19,7,tablet,8.24,N,CN,card,N,guest,0
151.01,9,desktop,2.43,N,Others,paypal,Y,registered,1
449.48,6,tablet,,Y,Others,paypal,Y,registered,0
395.32,4,tablet,6.09,Y,CN,paypal,Y,guest,0
110.13,3,tablet,10.28,Y,Others,bank_transfer,Y,registered,1
495.53,6,tablet,14.45,N,JP,bank_transfer,Y,registered,1
362.1,4,mobile,,N,Others,card,Y,guest,0
44.32,5,tablet,6.17,N,Others,paypal,N,registered,0
449.93,4,desktop,3.74,N,JP,card,N,guest,1
363.01,1,desktop,12.36,Y,KR,card,N,guest,0
357.59,1,desktop,7.47,Y,KR,card,N,registered,0
271.86,6,tablet,5.97,Y,Others,paypal,Y,registered,1
214.73,5,mobile,4.27,N,CN,bank_transfer,Y,guest,0
334.22,6,desktop,5.31,N,CN,paypal,Y,registered,0
163.66,7,desktop,8.38,N,KR,paypal,N,guest,0
160.84,1,mobile,8.96,Y,CN,paypal,N,registered,0
144.64,6,desktop,9.9,Y,KR,card,N,guest,0
409.22,7,tablet,9.58,Y,Others,bank_transfer,N,guest,0
176.51,3,mobile,11.63,N,CN,paypal,Y,guest,0
367.1,8,mobile,9.78,Y,CN,bank_transfer,N,registered,0
208.25,2,desktop,6.38,Y,JP,bank_transfer,Y,registered,1
217.06,8,desktop,9.74,Y,US,paypal,Y,guest,0
232.19,1,tablet,10.73,Y,Others,card,Y,guest,0
148.98,3,desktop,3.31,N,CN,bank_transfer,N,guest,0
284.24,3,desktop,10.39,Y,JP,bank_transfer,N,guest,0
329.0,8,mobile,8.89,N,CN,card,N,registered,0
,8,mobile,6.53,N,CN,paypal,N,registered,1
50.33,9,mobile,7.07,N,KR,bank_transfer,N,registered,1
453.2,2,mobile,8.04,Y,CN,card,Y,guest,0
79.66,7,mobile,9.15,N,CN,paypal,N,guest,1
52.99,5,tablet,10.12,N,CN,card,Y,guest,0
296.94,7,mobile,6.13,Y,US,paypal,Y,registered,0
485.46,2,desktop,11.58,Y,JP,bank_transfer,N,guest,0
143.88,4,desktop,9.93,N,KR,bank_transfer,Y,guest,1
,2,mobile,8.1,N,KR,paypal,N,registered,1
181.22,3,tablet,8.78,N,Others,card,N,registered,0
360.6,6,desktop,4.84,Y,Others,paypal,N,registered,0
55.23,3,tablet,11.09,N,JP,bank_transfer,N,guest,0
157.89,4,tablet,11.75,N,CN,paypal,N,guest,1
442.68,4,desktop,,N,KR,paypal,Y,registered,0
235.43,5,tablet,10.05,N,JP,paypal,N,guest,1
474.12,8,desktop,11.98,N,KR,bank_transfer,N,guest,0
425.61,2,tablet,4.83,N,JP,bank_transfer,N,registered,0
114.46,5,desktop,6.58,N,US,bank_transfer,N,registered,1
296.3,9,desktop,9.5,N,US,paypal,Y,guest,1
38.4,9,mobile,11.1,Y,JP,paypal,N,registered,0
442.21,4,tablet,1.33,Y,Others,card,Y,registered,0
256.5,5,mobile,7.49,N,US,bank_transfer,Y,registered,1
486.54,7,mobile,6.76,Y,JP,paypal,Y,registered,0
209.31,7,tablet,4.49,N,CN,card,N,guest,0
220.62,1,desktop,,Y,JP,paypal,N,registered,0
82.1,2,mobile,7.15,Y,Others,paypal,Y,registered,0
331.3,9,desktop,-0.42,Y,KR,paypal,N,guest,1
328.45,1,mobile,8.76,N,Others,bank_transfer,N,guest,1
137.04,8,desktop,10.5,N,US,card,N,guest,0
,4,desktop,6.82,Y,US,card,Y,registered,0
136.75,9,desktop,6.21,N,JP,bank_transfer,N,guest,0
139.67,2,desktop,5.72,N,JP,bank_transfer,N,registered,0
